Workbook

Sheet Динамика
A1: Релиз | B1: Нед. | C1: Источник лебедя | D1: M1 Доступность API, % цель | E1: M1 Доступность API, % факт | F1: M1 Доступность API, % откл. п.п. | G1: M2 p95, мс цель | H1: M2 p95, мс факт | I1: M2 p95, мс откл. | J1: M3 Решение P1, ч цель | K1: M3 Решение P1, ч факт | L1: M3 Решение P1, ч откл. | M1: M4 Неудачные выкладки, % цель | N1: M4 Неудачные выкладки, % факт | O1: M4 Неудачные выкладки, % откл. п.п. | P1: M5 MTTR, мин цель | Q1: M5 MTTR, мин факт | R1: M5 MTTR, мин откл. | S1: M6 Обращения на 1000 цель | T1: M6 Обращения на 1000 факт | U1: M6 Обращения на 1000 откл.
A2: T0 | B2: - | C2: - | E2: 0.9992 | F2: =IF(OR(D2="",E2=""),"",(E2-D2)*100) | G2: 800 | H2: 950 | I2: =IF(OR(G2="",H2=""),"",H2-G2) -> 150 | J2: 4 | K2: 3.5 | L2: =IF(OR(J2="",K2=""),"",K2-J2) -> -0.5 | M2: 0.15 | N2: 0.18 | O2: =IF(OR(M2="",N2=""),"",(N2-M2)*100) -> 3 | P2: 18 | Q2: 42 | R2: =IF(OR(P2="",Q2=""),"",Q2-P2) -> 24 | T2: 6 | U2: =IF(OR(S2="",T2=""),"",T2-S2)
A3: R1 | B3: 4 | C3: Техника | D3: 0.9995 | E3: =Доступность!E2 -> 0.99900794 | F3: =IF(OR(D3="",E3=""),"",(E3-D3)*100) -> -0.049206349 | G3: 900 | H3: 1180 | I3: =IF(OR(G3="",H3=""),"",H3-G3) -> 280 | J3: 4 | K3: 3.1 | L3: =IF(OR(J3="",K3=""),"",K3-J3) -> -0.9 | M3: 0.15 | N3: 0.14 | O3: =IF(OR(M3="",N3=""),"",(N3-M3)*100) -> -1 | P3: 25 | Q3: 31 | R3: =IF(OR(P3="",Q3=""),"",Q3-P3) -> 6 | S3: 6 | T3: 6.4 | U3: =IF(OR(S3="",T3=""),"",T3-S3) -> 0.4
A4: R2 | B4: 8 | C4: Поставщик | D4: 0.9995 | E4: =Доступность!E3 -> 0.99945437 | F4: =IF(OR(D4="",E4=""),"",(E4-D4)*100) -> -0.0045634921 | G4: 900 | H4: 1020 | I4: =IF(OR(G4="",H4=""),"",H4-G4) -> 120 | J4: 4 | K4: 0.6 | L4: =IF(OR(J4="",K4=""),"",K4-J4) -> -3.4 | M4: 0.1 | N4: 0.06 | O4: =IF(OR(M4="",N4=""),"",(N4-M4)*100) -> -4 | P4: 18 | Q4: 17 | R4: =IF(OR(P4="",Q4=""),"",Q4-P4) -> -1 | S4: 6.5 | T4: 6.9 | U4: =IF(OR(S4="",T4=""),"",T4-S4) -> 0.4
A5: R3 | B5: 4 | C5: Люди | D5: 0.9995 | E5: =Доступность!E4 -> 0.99970238 | F5: =IF(OR(D5="",E5=""),"",(E5-D5)*100) -> 0.020238095 | G5: 900 | H5: 890 | I5: =IF(OR(G5="",H5=""),"",H5-G5) -> -10 | J5: 4 | L5: =IF(OR(J5="",K5=""),"",K5-J5) | M5: 0.15 | N5: 0.31 | O5: =IF(OR(M5="",N5=""),"",(N5-M5)*100) -> 16 | P5: 18 | Q5: 24 | R5: =IF(OR(P5="",Q5=""),"",Q5-P5) -> 6 | S5: 5.1 | T5: 5.6 | U5: =IF(OR(S5="",T5=""),"",T5-S5) -> 0.5
A6: R4 | B6: 6 | C6: Рынок | D6: 0.9995 | E6: =Доступность!E5 -> 0.99909061 | F6: =IF(OR(D6="",E6=""),"",(E6-D6)*100) -> -0.040939153 | G6: 800 | H6: 1010 | I6: =IF(OR(G6="",H6=""),"",H6-G6) -> 210 | J6: 4 | K6: 3.6 | L6: =IF(OR(J6="",K6=""),"",K6-J6) -> -0.4 | M6: 0.15 | N6: 0.17 | O6: =IF(OR(M6="",N6=""),"",(N6-M6)*100) -> 2 | P6: 18 | Q6: 21 | R6: =IF(OR(P6="",Q6=""),"",Q6-P6) -> 3 | S6: 5.1 | T6: 5.4 | U6: =IF(OR(S6="",T6=""),"",T6-S6) -> 0.3
A7: R5 | B7: 4 | C7: Регулирование | D7: 0.9995 | E7: =Доступность!E6 -> 0.99985119 | F7: =IF(OR(D7="",E7=""),"",(E7-D7)*100) -> 0.035119048 | G7: 900 | H7: 870 | I7: =IF(OR(G7="",H7=""),"",H7-G7) -> -30 | J7: 4 | L7: =IF(OR(J7="",K7=""),"",K7-J7) | M7: 0.15 | N7: 0.12 | O7: =IF(OR(M7="",N7=""),"",(N7-M7)*100) -> -3 | P7: 18 | Q7: 14 | R7: =IF(OR(P7="",Q7=""),"",Q7-P7) -> -4 | S7: 5.1 | T7: 6.1 | U7: =IF(OR(S7="",T7=""),"",T7-S7) -> 1
A8: R6 | B8: 6 | C8: Люди | D8: 0.9995 | E8: =Доступность!E7 -> 0.99778439 | F8: =IF(OR(D8="",E8=""),"",(E8-D8)*100) -> -0.17156085 | G8: 900 | H8: 860 | I8: =IF(OR(G8="",H8=""),"",H8-G8) -> -40 | J8: 4 | K8: 4.6 | L8: =IF(OR(J8="",K8=""),"",K8-J8) -> 0.6 | M8: 0.15 | N8: 0.13 | O8: =IF(OR(M8="",N8=""),"",(N8-M8)*100) -> -2 | P8: 18 | Q8: 48 | R8: =IF(OR(P8="",Q8=""),"",Q8-P8) -> 30 | S8: 4.6 | T8: 5 | U8: =IF(OR(S8="",T8=""),"",T8-S8) -> 0.4
A9: R7 | B9: 8 | C9: Поставщик | D9: 0.9995 | E9: =Доступность!E8 -> 0.99971478 | F9: =IF(OR(D9="",E9=""),"",(E9-D9)*100) -> 0.021478175 | G9: 900 | H9: 1050 | I9: =IF(OR(G9="",H9=""),"",H9-G9) -> 150 | J9: 3 | K9: 0.4 | L9: =IF(OR(J9="",K9=""),"",K9-J9) -> -2.6 | M9: 0.12 | N9: 0.11 | O9: =IF(OR(M9="",N9=""),"",(N9-M9)*100) -> -1 | P9: 10 | Q9: 9 | R9: =IF(OR(P9="",Q9=""),"",Q9-P9) -> -1 | S9: 4.6 | T9: 4.6 | U9: =IF(OR(S9="",T9=""),"",T9-S9) -> 0
A10: R8 | B10: 4 | C10: Рынок | D10: 0.9995 | E10: =Доступность!E9 -> 0.99987599 | F10: =IF(OR(D10="",E10=""),"",(E10-D10)*100) -> 0.037599206 | G10: 800 | H10: 820 | I10: =IF(OR(G10="",H10=""),"",H10-G10) -> 20 | J10: 3 | L10: =IF(OR(J10="",K10=""),"",K10-J10) | M10: 0.12 | N10: 0.1 | O10: =IF(OR(M10="",N10=""),"",(N10-M10)*100) -> -2 | P10: 10 | Q10: 8 | R10: =IF(OR(P10="",Q10=""),"",Q10-P10) -> -2 | S10: 4.4 | T10: 5.3 | U10: =IF(OR(S10="",T10=""),"",T10-S10) -> 0.9
A11: R9 | B11: 4 | C11: Регулирование | D11: 0.9995 | E11: =Доступность!E10 -> 0.99987599 | F11: =IF(OR(D11="",E11=""),"",(E11-D11)*100) -> 0.037599206 | G11: 800 | H11: 790 | I11: =IF(OR(G11="",H11=""),"",H11-G11) -> -10 | J11: 3 | L11: =IF(OR(J11="",K11=""),"",K11-J11) | M11: 0.12 | N11: 0.09 | O11: =IF(OR(M11="",N11=""),"",(N11-M11)*100) -> -3 | P11: 10 | Q11: 7 | R11: =IF(OR(P11="",Q11=""),"",Q11-P11) -> -3 | S11: 4.2 | T11: 4.8 | U11: =IF(OR(S11="",T11=""),"",T11-S11) -> 0.6
A12: R10 | B12: 8 | C12: Техника | D12: 0.9997 | E12: =Доступность!E11 -> 0.9984375 | F12: =IF(OR(D12="",E12=""),"",(E12-D12)*100) -> -0.12625 | G12: 800 | H12: 780 | I12: =IF(OR(G12="",H12=""),"",H12-G12) -> -20 | J12: 3 | K12: 2.9 | L12: =IF(OR(J12="",K12=""),"",K12-J12) -> -0.1 | M12: 0.1 | N12: 0.08 | O12: =IF(OR(M12="",N12=""),"",(N12-M12)*100) -> -2 | P12: 10 | Q12: 44 | R12: =IF(OR(P12="",Q12=""),"",Q12-P12) -> 34 | S12: 4.2 | T12: 4.5 | U12: =IF(OR(S12="",T12=""),"",T12-S12) -> 0.3
A18: Цель выполнена, релизов из 10 (R1-R10) | E18: =SUMPRODUCT(--(E3:E12>=D3:D12)) -> 5 | H18: =SUMPRODUCT(--(H3:H12<=G3:G12)) -> 5 | K18: =SUMPRODUCT(--(K3:K12<=J3:J12)) -> 9 | N18: =SUMPRODUCT(--(N3:N12<=M3:M12)) -> 8 | Q18: =SUMPRODUCT(--(Q3:Q12<=P3:P12)) -> 5 | T18: =SUMPRODUCT(--(T3:T12<=S3:S12)) -> 1
A19: Для M1 хорошо, когда факт не ниже цели; для M2-M6 - когда факт не выше цели. Пустой факт M3 (нет P1) считается выполнением.
A20: Откл. = факт - цель. Для M1 и M4 отклонение в процентных пунктах. Цели меняются по релизам, причины пересмотра - в разделе 5.5 отчёта.

Sheet Графики
A1: Динамика ключевых метрик: цель и факт по релизам
A2: Графики строятся по листу «Динамика» и обновляются при изменении значений.

Sheet Доступность
A1: Релиз | B1: Длительность, нед. | C1: Минут в горизонте | D1: Недоступные минуты | E1: Доступность API
A2: R1 | B2: 4 | C2: =B2*7*1440 -> 40320 | D2: 40 | E2: =1-D2/C2 -> 0.99900794
A3: R2 | B3: 8 | C3: =B3*7*1440 -> 80640 | D3: 44 | E3: =1-D3/C3 -> 0.99945437
A4: R3 | B4: 4 | C4: =B4*7*1440 -> 40320 | D4: 12 | E4: =1-D4/C4 -> 0.99970238
A5: R4 | B5: 6 | C5: =B5*7*1440 -> 60480 | D5: 55 | E5: =1-D5/C5 -> 0.99909061
A6: R5 | B6: 4 | C6: =B6*7*1440 -> 40320 | D6: 6 | E6: =1-D6/C6 -> 0.99985119
A7: R6 | B7: 6 | C7: =B7*7*1440 -> 60480 | D7: 134 | E7: =1-D7/C7 -> 0.99778439
A8: R7 | B8: 8 | C8: =B8*7*1440 -> 80640 | D8: 23 | E8: =1-D8/C8 -> 0.99971478
A9: R8 | B9: 4 | C9: =B9*7*1440 -> 40320 | D9: 5 | E9: =1-D9/C9 -> 0.99987599
A10: R9 | B10: 4 | C10: =B10*7*1440 -> 40320 | D10: 5 | E10: =1-D10/C10 -> 0.99987599
A11: R10 | B11: 8 | C11: =B11*7*1440 -> 80640 | D11: 126 | E11: =1-D11/C11 -> 0.9984375
A15: Месяц | B15: Год | C15: Минут в месяце | D15: Недоступные минуты | E15: Доступность API | F15: Кредит, % (SLA 8.1) | G15: Кредит, млн руб. | H15: Причина
A16: Ноябрь | B16: 2026 | C16: 43200 | D16: 37 | E16: =1-D16/C16 -> 0.99914352 | F16: =IF(E16>=0.9995,0,IF(E16>=0.999,0.01,IF(E16>=0.995,0.03,IF(E16>=0.99,0.05,0.1)))) -> 0.01 | G16: =F16*IF(B16="2026",#REF!,#REF!) -> #REF! | H16: R1: отказ контроллера СХД
A17: Декабрь | B17: 2026 | C17: 44640 | D17: 39 | E17: =1-D17/C17 -> 0.99912634 | F17: =IF(E17>=0.9995,0,IF(E17>=0.999,0.01,IF(E17>=0.995,0.03,IF(E17>=0.99,0.05,0.1)))) -> 0.01 | G17: =F17*IF(B17="2026",#REF!,#REF!) -> #REF! | H17: R2: сбой CDN
A18: Январь | B18: 2027 | C18: 44640 | D18: 8 | E18: =1-D18/C18 -> 0.99982079 | F18: =IF(E18>=0.9995,0,IF(E18>=0.999,0.01,IF(E18>=0.995,0.03,IF(E18>=0.99,0.05,0.1)))) -> 0 | G18: =F18*IF(B18="2026",#REF!,#REF!) -> #REF!
A19: Февраль | B19: 2027 | C19: 40320 | D19: 6 | E19: =1-D19/C19 -> 0.99985119 | F19: =IF(E19>=0.9995,0,IF(E19>=0.999,0.01,IF(E19>=0.995,0.03,IF(E19>=0.99,0.05,0.1)))) -> 0 | G19: =F19*IF(B19="2026",#REF!,#REF!) -> #REF!
A20: Март | B20: 2027 | C20: 44640 | D20: 52 | E20: =1-D20/C20 -> 0.99883513 | F20: =IF(E20>=0.9995,0,IF(E20>=0.999,0.01,IF(E20>=0.995,0.03,IF(E20>=0.99,0.05,0.1)))) -> 0.03 | G20: =F20*IF(B20="2026",#REF!,#REF!) -> #REF! | H20: R4: приход маркетплейса
A21: Апрель | B21: 2027 | C21: 43200 | D21: 6 | E21: =1-D21/C21 -> 0.99986111 | F21: =IF(E21>=0.9995,0,IF(E21>=0.999,0.01,IF(E21>=0.995,0.03,IF(E21>=0.99,0.05,0.1)))) -> 0 | G21: =F21*IF(B21="2026",#REF!,#REF!) -> #REF!
A22: Май | B22: 2027 | C22: 44640 | D22: 132 | E22: =1-D22/C22 -> 0.99704301 | F22: =IF(E22>=0.9995,0,IF(E22>=0.999,0.01,IF(E22>=0.995,0.03,IF(E22>=0.99,0.05,0.1)))) -> 0.03 | G22: =F22*IF(B22="2026",#REF!,#REF!) -> #REF! | H22: R6: ошибка в окне работ
A23: Июнь | B23: 2027 | C23: 43200 | D23: 4 | E23: =1-D23/C23 -> 0.99990741 | F23: =IF(E23>=0.9995,0,IF(E23>=0.999,0.01,IF(E23>=0.995,0.03,IF(E23>=0.99,0.05,0.1)))) -> 0 | G23: =F23*IF(B23="2026",#REF!,#REF!) -> #REF!
A24: Июль | B24: 2027 | C24: 44640 | D24: 19 | E24: =1-D24/C24 -> 0.99957437 | F24: =IF(E24>=0.9995,0,IF(E24>=0.999,0.01,IF(E24>=0.995,0.03,IF(E24>=0.99,0.05,0.1)))) -> 0 | G24: =F24*IF(B24="2026",#REF!,#REF!) -> #REF! | H24: R7: тест переключения
A25: Август | B25: 2027 | C25: 44640 | D25: 5 | E25: =1-D25/C25 -> 0.99988799 | F25: =IF(E25>=0.9995,0,IF(E25>=0.999,0.01,IF(E25>=0.995,0.03,IF(E25>=0.99,0.05,0.1)))) -> 0 | G25: =F25*IF(B25="2026",#REF!,#REF!) -> #REF!
A26: Сентябрь | B26: 2027 | C26: 43200 | D26: 5 | E26: =1-D26/C26 -> 0.99988426 | F26: =IF(E26>=0.9995,0,IF(E26>=0.999,0.01,IF(E26>=0.995,0.03,IF(E26>=0.99,0.05,0.1)))) -> 0 | G26: =F26*IF(B26="2026",#REF!,#REF!) -> #REF! | H26: R9 исключён разделом 1 SLA
A27: Октябрь | B27: 2027 | C27: 44640 | D27: 122 | E27: =1-D27/C27 -> 0.99726703 | F27: =IF(E27>=0.9995,0,IF(E27>=0.999,0.01,IF(E27>=0.995,0.03,IF(E27>=0.99,0.05,0.1)))) -> 0.03 | G27: =F27*IF(B27="2026",#REF!,#REF!) -> #REF! | H27: R10: переполнение идентификатора
A28: Итого | D28: =SUM(D16:D27) -> 435 | E28: =1-D28/SUM(C16:C27) -> 0.99917237 | G28: =SUM(G16:G27) -> #REF!
A30: Шкала кредитов SLA 8.1: от 99,95% - нет; 99,90-99,94% - 1%; 99,50-99,89% - 3%; 99,00-99,49% - 5%; ниже 99,00% - 10%.
